-1566,256,134,0,-78,42,-14,-21,2,-3,10,-1,-3542,985,903,-279,15,1308
-1096,-259,281,140,486,337,-16,2,0,0,4,-19,-3150,-585,-2,542,655,813
-1899,-88,188,18,11,-351,-5,6,16,2,17,-9,-4943,85,1168,-150,-407,1107
-1102,-258,-215,-175,-118,-17,9,0,9,-6,13,-8,-2305,-639,1613,545,-606,76
-1713,-441,-58,111,86,105,-6,-2,8,-8,21,-11,-3927,-839,468,-7,613,994
-1260,71,195,-32,159,212,142,153,65,117,-51,-49,-3255,565,-6,176,219,1350
-1622,1447,-349,165,-99,762,-2,1,12,-13,10,11,-3887,916,-852,14,-1574,410
-1636,158,-60,-101,-100,42,2,-1,20,-5,13,-8,-3981,-42,318,347,48,1026
-1913,-401,405,-66,186,381,-7,-5,9,-10,9,-5,-4344,376,95,341,367,2040
-1172,144,-235,17,-184,-90,-10,3,17,-2,-6,-8,-2739,-1046,58,-353,952,483
-1477,78,-85,56,-95,64,58,-110,-158,0,62,45,-3488,-203,-216,383,420,854
-1559,-725,28,83,413,320,47,-4,-115,49,-1,4,-3326,-1524,817,269,914,498
-1320,5,-46,66,-5,271,7,-13,10,-13,-12,-5,-2982,-379,-285,-41,923,784
-1006,-613,-139,-103,-260,-262,1,-8,10,0,19,-3,-1424,-1265,1449,840,-37,-265
-1540,-216,-229,76,16,-190,8,17,12,-3,-8,0,-3614,-633,421,218,-195,415
-1455,-174,-169,155,50,-141,-11,-3,14,0,15,4,-2895,-731,1181,709,209,439
-1635,284,-87,170,-85,415,0,0,18,-13,6,2,-4189,144,313,166,217,1424
-1213,-163,-80,-40,138,-486,-5,4,5,-2,15,8,-3089,-1305,515,-188,558,-271
-1202,-733,512,268,408,-122,-4,-14,1,0,8,-19,-2337,-1427,2002,1103,-324,325
-1268,75,-283,-88,-117,-212,4,-1,12,-5,4,-9,-3313,153,784,277,-627,99
-1237,824,13,35,-221,-22,0,12,17,-2,11,1,-3860,2315,294,-1377,-665,-313
-1228,-518,-404,94,-176,-154,-6,0,2,3,20,-3,-2619,-1405,587,-549,-33,270
-1199,-279,35,380,503,329,-2,-6,4,-12,2,-17,-3229,-142,-400,1036,691,1375
-1223,548,172,-109,60,8,-6,4,5,-15,-4,-4,-4118,1472,59,-132,341,401
-1072,380,327,-131,-176,107,2,7,2,-21,3,-1,-2295,1903,1111,-475,-20,1407
-1007,-876,-459,7,-99,-378,-4,-6,8,10,18,2,-1909,-1467,1324,638,-1378,-347
-957,-1002,-369,-272,199,-25,-8,-11,-3,1,14,-5,-1798,-2272,1388,101,1047,-812
-1231,999,305,-32,53,117,-11,-7,-10,-6,5,-2,-3803,2916,-91,-684,-305,-244
-1495,-256,-150,31,191,233,-10,6,3,-8,14,-7,-2846,-1023,520,-549,526,552
-1731,-615,140,21,127,668,-13,-1,0,-18,11,-1,-4107,-1237,907,-528,586,1123
-1920,-25,349,70,25,204,-1,2,-2,4,14,37,-4278,-44,322,284,263,1343
-1276,-259,-177,-142,149,0,-16,0,3,-4,14,2,-2779,-1134,482,-501,642,146
-1547,-352,-172,-28,1,-253,0,0,11,-4,13,-17,-3364,-577,913,262,-250,420
-1445,355,-70,143,-172,319,5,-2,11,-15,12,2,-3929,-140,315,220,-303,791
-734,-470,170,-61,-249,-110,9,0,12,0,20,0,-1791,-1576,1389,418,-296,-858
-2158,-1048,703,-100,160,41,-14,-8,14,-10,7,-12,-5365,79,251,510,530,2419
-968,-1190,-332,254,186,41,0,-14,-3,-7,3,-7,-1163,-2420,1123,837,481,-788
-1039,-607,-349,-38,283,-51,-12,-7,3,-1,7,0,-2069,-1761,743,31,948,-383
-1111,805,323,74,-256,169,3,0,-3,-18,12,0,-3121,3108,1,-1722,-1215,-263
-1126,87,-143,193,4,-47,56,12,10,22,61,12,-3012,-224,220,306,-515,74
-1796,-832,120,4,253,245,-6,-11,5,-10,15,-14,-4074,-1161,1258,596,440,609
-1140,-302,-646,291,-38,-101,-9,0,-5,-1,23,2,-2610,-1703,727,-209,472,17
-936,-548,-8,-156,-251,-69,6,-6,-4,-1,22,13,-1213,-872,1889,749,-372,-239
-1407,461,766,252,111,-105,0,9,5,-20,-5,-13,-4687,1734,828,-907,-148,951
-579,-576,-580,-227,-285,-262,0,-9,7,0,15,10,-1175,-2128,1162,308,-1201,-902
-1098,970,331,66,-460,162,-1,0,0,-11,5,0,-2862,3247,-54,-1689,-1589,-439
-982,763,164,-221,-247,244,-66,65,69,-64,18,-7,-2882,2654,259,-1369,-396,-145
-1377,578,-64,-85,-153,-58,6,7,19,-5,5,-3,-3937,946,218,-524,-659,-436
-771,-721,-463,-182,-216,-163,6,-9,3,-7,11,-2,-1537,-2012,1027,-205,-41,-274
-1052,1009,380,220,-54,161,-11,2,-10,-13,4,-5,-2900,4347,159,-906,-1133,-542
-2180,-859,702,9,149,-297,-6,-10,21,-8,3,-9,-5019,-969,974,268,696,987
-955,261,-213,-226,-107,-337,-2,8,14,-8,-9,-10,-3165,-1126,610,-303,-138,19
-845,-468,-117,113,375,141,-19,-6,0,0,0,-3,-1782,-1816,-85,-421,1623,-210
-2052,-482,709,49,68,541,-12,-2,13,-17,4,-7,-5483,-252,479,372,400,2096
-326,454,-1129,-411,-367,-637,-15,-13,0,7,1,9,-198,-1527,-1586,-1492,-1416,-1144
-1036,-675,-466,-187,115,115,1,-7,-1,-5,18,-8,-1992,-1857,814,-484,185,-336
-1172,841,335,289,-134,329,-4,-4,-10,-13,9,-5,-3009,3778,232,-1106,-1872,-377
-789,259,84,83,-186,-111,-6,8,4,-15,1,6,-2867,1304,-494,810,-693,33
-2040,-346,668,4,-55,178,-6,3,15,-9,1,-18,-5525,-500,603,165,410,1954
-1063,930,293,-43,-522,143,5,3,-2,9,-22,18,-2501,3032,-702,-1158,-1811,-423
-705,-686,-469,535,316,61,7,-7,6,-6,-6,-14,-1198,-1737,-1122,1859,270,-554
-700,-727,-265,513,448,102,1,-8,2,-8,-4,-7,-1033,-2077,-324,1885,415,-1484
-939,-545,-301,-53,400,309,-14,-3,1,-1,10,-11,-1855,-2037,784,-158,673,-426
-768,-314,-85,-236,-144,94,8,-8,10,5,10,-9,-1789,-1175,1252,143,-570,-455
-543,196,56,-230,492,24,-16,-5,9,8,-3,0,-1675,-1380,-855,-766,1595,-538
-1008,-213,-185,196,348,71,-6,5,8,0,4,-7,-2500,-1286,-150,998,811,-405
-497,-915,-708,39,-49,-95,11,-16,0,-11,4,0,-905,-2722,718,-203,66,-798
-675,-367,-261,282,452,358,-4,-3,8,0,-3,-16,-1606,-1398,-624,605,989,52
-2125,-694,701,-184,131,-203,-11,-5,19,-8,12,-4,-5414,187,140,439,417,2593
-46,126,-1088,-156,-282,-209,-43,-12,-5,-37,54,27,-412,-2861,-1133,-832,-757,-380
-1018,-267,-94,-132,-156,-88,1,1,9,3,11,-2,-2068,-991,1063,440,-322,-175
-629,321,-108,487,-114,-256,-16,0,2,-15,1,6,-2977,527,-1410,1093,-852,159
-40,-406,-664,-396,-471,114,12,-14,7,-4,0,7,397,-2055,1075,-1503,113,-235
-685,1024,195,-412,-508,100,9,3,1,-12,7,-17,-3447,2567,-839,-412,-432,15
-745,-58,-571,-205,21,89,-9,7,18,-7,0,7,-1807,-1902,230,-316,1111,-346
-967,108,-126,334,277,114,-51,-2,0,11,-9,37,-2447,-110,-982,1171,399,1359
-1059,387,235,-154,-248,76,48,55,17,-73,10,-45,-3034,1801,263,-218,169,691
-1003,-413,-307,91,64,37,0,12,0,0,28,3,-2121,-902,843,359,-311,-16
-2252,-764,813,-9,65,-164,-8,-1,18,-14,12,-14,-5836,229,267,468,408,2923
-751,641,-768,-2,19,190,-13,3,18,4,-5,5,-1641,-286,-1756,-490,57,-533
-750,-209,-299,-104,236,141,13,-41,42,-7,49,-111,-1686,-1308,-392,-62,1240,222
-1575,109,-44,53,143,1203,-9,3,3,-18,13,4,-4243,-1200,821,-622,359,1216
-772,421,55,-248,87,-269,4,4,16,-11,-8,-1,-2332,-346,-172,-580,449,-122
-509,388,-238,135,-31,-62,-12,9,0,-16,-7,10,-2969,1385,-1577,772,-362,232
-985,-402,-467,-50,153,133,-24,-1,-4,-10,1,-2,-1536,-1489,458,-398,507,10
-768,-1103,-219,-90,-77,38,1,-17,-6,0,13,-2,-984,-1918,1850,163,-126,-809
-1029,-63,-486,36,-85,342,-10,-5,17,-9,1,9,-2422,-1417,209,-104,780,392
-262,282,-1283,183,-233,-140,-11,-10,-1,0,0,10,-769,-1750,-1739,-65,-1177,-666
-2070,-5,631,235,-227,-73,1,3,19,-17,4,-12,-5165,807,1345,-167,158,1962
-1020,-964,-140,84,-12,-130,4,-20,3,0,11,-8,-1828,-1665,1686,578,-111,-636
-670,674,113,354,-176,310,-12,7,0,-5,2,4,-1778,1624,-1077,-131,-1737,-410
-542,997,-303,471,80,246,-12,11,4,0,-3,0,-1416,1317,-2027,248,-1337,-630
-369,-714,-427,389,336,96,5,-9,3,-16,-4,1,-360,-1649,-396,1515,-589,-1224
-866,-659,-278,-221,46,38,-11,-12,7,-19,-6,-14,-1266,-1746,1192,-172,330,-530
-1724,67,326,124,162,515,-6,0,0,-23,4,-11,-4259,-300,131,-6,769,1113
-562,91,-914,186,-91,-199,-8,-6,4,-9,-5,11,87,-1652,-1214,880,-1981,-1229
-1579,15,256,81,96,717,-2,-4,-1,-21,11,-14,-4748,279,112,362,399,2082
-1584,188,425,254,322,386,0,-4,10,-18,3,-7,-4203,403,206,256,301,1713
-739,-473,-515,105,509,148,-16,-38,0,4,-2,0,-1523,-1807,-14,352,764,-995
-887,724,648,-482,-341,630,3,1,-2,-18,-8,-7,-2677,2935,1519,-1128,-1004,588
-568,459,-361,185,-469,-75,5,-1,10,-13,0,14,-1903,489,-1470,740,-1329,565
-649,614,-57,335,-99,241,-11,6,-2,-3,-4,-5,-1841,1845,-1601,674,-366,342
-571,-147,-317,-278,-60,-273,3,-5,18,2,8,2,-1589,-1860,-40,-512,688,-415
-558,281,-246,325,145,38,-3,13,-13,21,-6,0,-1733,666,-1681,1063,-301,131
-397,659,-1243,154,-79,64,-15,-2,4,-2,-6,12,-682,-2250,-2335,539,-885,-987
-331,142,-835,478,-20,325,-4,-1,-6,-14,-18,0,-1505,-832,-2202,1124,-425,261
-325,-995,-595,309,24,-49,0,1,2,4,-45,3,-25,-2453,391,1124,-751,-1595
-323,-1100,123,-565,893,-174,-7,-2,3,8,8,13,280,-2077,1873,374,2955,-1119
-744,582,282,25,667,26,-10,7,-4,-19,-5,0,-2982,1048,-709,249,1388,-691
-586,-1112,-253,-182,-67,-137,-10,12,14,6,-205,6,-797,-2221,1714,-316,249,-750
-1135,139,179,126,356,-371,1,2,11,-22,-4,4,-3558,-195,-431,921,240,1183
-380,-271,-3,392,828,-108,6,1,5,-7,-14,-6,-640,-640,-883,2140,965,-592
-1582,138,143,-122,-214,-666,-1,-1,-2,0,-1,-31,-4012,-61,812,270,-274,877
-785,-150,-11,-183,-169,-127,25,17,25,24,24,-19,-1804,-1207,426,-72,-227,-423
-534,-1094,-264,-345,177,-201,0,-13,3,4,8,0,-453,-2307,1928,818,876,-1567
-673,-129,-874,-143,346,111,-24,-10,8,0,0,5,-1029,-1783,-461,406,-1031,-771
-394,-991,-409,-76,20,75,1,-15,-4,-7,8,5,-324,-2224,1194,181,13,-853
-407,104,-808,261,163,200,-2,-4,-1,-18,-3,12,-1856,-812,-1355,859,-1316,-386
144,63,-896,-295,-327,-351,7,-10,13,9,-9,7,-169,-2512,-1199,-870,-555,-371
-490,-849,194,-537,-154,52,11,-6,1,3,16,1,-102,-1214,2299,-400,91,-367
-480,284,-687,11,290,-18,-17,16,0,-11,-5,0,-1527,-941,-1380,839,789,-477
-1517,389,299,-112,-285,-34,0,8,9,-13,3,-5,-3389,1118,926,-386,100,1204
-323,-666,-747,191,365,64,0,-15,-3,-16,1,5,-721,-2545,381,725,264,-1447
-102,183,9,789,493,188,-3,2,6,0,-12,-4,-1228,5,-1868,2164,328,110
114,350,-1236,-678,125,84,7,-7,0,4,1,-3,-179,-1592,-2290,-2513,-37,-1252
-396,-614,-6,-184,957,-168,-6,0,13,8,4,13,-460,-1767,595,-77,3237,-1344
-221,-252,-461,103,812,-57,-21,0,-8,-1,-5,6,-1275,-1602,-591,56,2459,-762
-954,-389,-206,104,-556,-621,-14,3,7,8,17,-6,-2438,-1812,877,633,-431,-380
-939,478,-204,-70,-388,-156,0,4,22,2,2,-11,-3175,-596,461,-441,-636,-794
-688,-161,638,397,-463,237,6,12,-5,-13,-1,-2,-1437,1220,2257,664,-590,-779
-902,-324,-497,161,-92,85,0,4,2,2,20,-11,-1921,-1950,-460,-425,543,67
-1245,-222,109,-421,-348,-922,-7,-10,11,-13,-6,-2,-2571,-715,2151,517,-677,-90
-730,-1143,-138,-127,436,181,-6,-17,-6,2,6,0,-1024,-2034,1535,410,1542,-1157
79,228,-1004,431,-78,493,-1,0,0,-16,-11,5,-668,-714,-2754,-247,-1522,732
-326,22,-794,-172,-237,-124,8,6,8,-8,8,7,-865,-1449,-269,-1092,528,-392
-409,-260,-246,-406,307,-371,0,-5,13,0,3,8,-848,-1558,-40,-656,1561,-316
-844,263,-309,-300,92,67,-8,2,22,2,2,-1,-2034,-1392,-262,-489,945,-180
-501,612,-621,253,-79,-5,-15,-32,37,-28,0,-3,-1348,121,-2097,753,-817,-245
297,604,335,524,-403,-252,0,12,-10,-1,-1,-6,-842,3053,-535,1026,-348,-141
-113,554,-363,197,-617,85,-5,12,6,-3,-3,8,-346,787,-1517,-63,-1659,-643
-990,-137,-286,257,-101,602,-5,-12,21,-7,3,5,-3015,-1140,333,-356,150,26
-459,-841,-633,-127,-22,-386,0,-15,7,-7,4,3,-916,-2507,962,-222,-11,-929
-713,-46,-346,-45,578,-173,-6,-1,8,-2,0,0,-1581,-1009,-718,253,1821,-928
59,-414,-69,-429,-511,-5,4,-19,5,16,4,0,1304,-987,1670,-940,-472,-96
-263,-187,-562,-154,-395,-216,-2,-9,4,-6,10,14,-499,-1595,150,461,-1706,-365
-396,-309,74,-3,-63,-247,16,2,11,0,3,-10,94,-835,1327,1550,-315,38
-198,1298,-832,-5,474,277,-17,8,3,9,-3,-8,-1519,920,-2917,-1077,-360,-1593
-34,-223,-682,-569,197,253,10,-5,8,5,2,4,-294,-1570,-607,-1562,564,-247
-812,854,493,57,-21,255,-4,0,-6,-11,-1,-10,-2355,4006,835,-881,-779,-371
110,-158,-1017,48,-49,56,-14,1,-13,-13,2,8,-687,-2481,-1006,-608,-1051,138
216,161,-558,661,570,76,-8,0,0,-2,-17,2,-78,-685,-1875,2197,809,1180
93,-400,27,-522,-351,-29,19,-13,0,2,5,0,1280,-1001,1381,-888,226,-69
208,39,-767,579,-123,-275,-3,20,-6,-5,-5,4,1589,-1187,-1007,643,-1895,-821
-470,-19,-93,-62,-171,161,9,-8,-6,-16,9,-11,-1713,-688,801,-484,-64,117
-464,165,-286,381,307,53,-88,-180,155,-39,-11,-35,-1104,-603,-1358,1139,664,714
-437,-321,-606,-268,62,-377,-5,-12,14,2,-4,6,-1304,-2107,192,-316,49,-828
-403,-163,-271,-437,76,98,36,44,47,-43,23,-8,-198,-1156,299,-872,826,190
-342,221,-1031,-281,-466,-240,-6,-18,5,-3,0,14,-872,-2857,-400,316,-2194,-1041
-2183,-516,829,1,-112,204,-19,-2,12,-10,11,-5,-5491,223,138,477,484,2718
-690,274,-47,284,-97,168,0,-39,28,-102,17,1,-2574,800,-765,366,-132,938
171,576,319,764,-366,-291,0,13,3,1,-4,-4,-958,2222,-1013,1108,-2013,-356
-118,-100,-872,-144,-358,-228,1,-20,8,2,-3,11,-767,-2932,145,-171,-1896,-1002
651,109,-999,-531,-541,62,1,-15,-11,-3,-3,8,1799,-1634,-1223,-1823,-901,-421
-630,-168,-304,-135,250,120,-9,-22,-34,18,8,-21,-1117,-1216,-433,-461,1056,-58
-519,406,-254,-240,237,-17,0,0,17,-4,-8,4,-1493,-820,-1095,-95,1461,-112
-466,160,462,593,-383,-95,-1,18,0,-18,-2,-3,-2371,2151,959,402,-197,173
660,-189,-1256,91,-128,-272,-2,-2,-12,-9,-6,6,2226,-2195,-2332,-140,-1943,-950
-104,-3,-224,246,876,231,-20,4,-5,0,-13,-1,-855,-1572,-576,1078,2711,-1590
-193,-169,-470,265,-48,-123,-77,17,-91,-121,185,64,717,-613,-848,852,-1516,-1184
-477,-344,-409,-347,119,144,5,14,8,1,12,-8,-1065,-1773,208,-624,941,-170
-4,-246,-602,141,-282,-229,0,11,-1,-6,7,11,744,-1620,-448,306,-2436,-220
-305,-649,-275,384,240,-6,-25,20,4,19,-28,49,454,-1411,119,1289,-1136,-1716
-90,440,74,414,17,185,18,30,53,34,-5,-17,-578,2002,-1447,432,37,231
-784,1147,445,134,-238,524,-2,-2,-8,-19,0,-1,-1742,4063,1004,-707,-2029,-654
476,-366,-617,-469,448,-62,-19,79,22,26,74,-37,305,-1908,-1145,-439,1939,-43
403,-425,-538,-326,15,279,4,-11,0,-1,0,15,827,-2716,-319,-1137,-534,-420
88,-275,-126,119,-410,-596,5,18,2,1,2,12,1993,-1745,602,-668,-2204,-798
338,-31,-913,-637,-72,22,-1,-6,4,4,-11,8,266,-2439,-948,-1197,428,-343
138,-337,-459,34,-558,-324,-7,15,-3,0,8,13,1209,-1903,1140,-514,-1755,113
-379,-390,-704,-24,-98,15,8,-5,3,-8,4,6,-592,-1934,139,-510,386,5
-858,-368,-10,586,596,107,39,0,0,0,0,0,-2364,-1761,-791,2188,-252,-654
583,688,-1198,495,189,273,0,-3,2,5,-19,-11,356,-1620,-3853,1097,-327,774
592,-159,-819,-691,121,-131,9,-8,7,3,-11,2,1459,-2371,-1174,-934,1263,554
318,-1021,-245,-363,-383,205,18,-2,4,-7,-9,0,1622,-1361,1803,457,-340,-1007
153,-354,-588,399,-154,199,3,-3,-11,-11,8,8,1580,-1039,-243,1242,-1412,-1233
305,-59,-293,-54,-118,147,8,3,0,5,14,11,2122,-1087,-43,-318,-731,-597
316,-303,-775,517,-15,133,-10,12,-12,-9,-1,6,1491,-1664,-936,-59,-2287,-1254
595,-107,-554,-463,118,-75,9,-12,0,-3,-11,0,971,-2365,-1671,-1359,670,-571
66,-362,6,-356,-519,61,18,1,-2,-1,8,-7,1500,-611,1563,-1016,-69,216
73,-290,-54,208,-407,-87,-11,-22,-57,-20,3,23,1678,-1271,827,-547,-1040,-549
728,-73,-433,861,78,312,-2,17,-7,0,-14,12,2334,-1621,-2095,2275,-891,1491
-434,-917,-194,28,119,-452,5,-17,12,2,10,1,-499,-2211,1169,855,-481,-1286
-98,138,1,-788,850,-124,10,0,18,3,-7,0,-509,-1654,102,-1034,2235,-574
-257,388,-729,389,303,13,-4,-5,4,-10,-18,-4,-1146,-1074,-1880,1177,849,345
-817,51,-298,-42,-60,-66,12,-3,20,-8,1,-2,-2675,-212,-169,235,-154,-399
139,-77,-404,487,195,92,-2,10,-2,-7,-16,-3,565,-648,-804,1548,-230,1319
-1322,733,119,-272,-521,-688,-7,-16,12,1,9,-8,-5248,1027,397,-696,-1115,-931
-91,1214,-152,41,466,294,-15,0,-4,9,-3,-13,-947,764,-2508,-1135,657,-1517
-725,997,317,-94,-354,133,2,4,-1,-11,11,-8,-2168,3476,-363,-1757,-945,-229
-796,420,-356,-204,58,53,-3,11,18,0,-3,0,-1653,-1250,-819,-983,1264,-373
-194,504,-546,3,554,373,-8,-9,10,8,-11,-10,-1034,-271,-1921,-589,971,-210
1740,-201,-344,-268,-657,91,10,13,-17,2,-1,4,4804,193,-902,-2116,-1089,1100
-694,187,-466,28,-179,-107,-1,-8,-2,10,3,-20,-1654,-925,-922,-162,323,-711
-699,150,-585,-134,-494,-1189,-19,-3,12,-11,-5,0,-2919,-1537,649,-1277,22,353
482,921,-850,-13,-905,69,7,-16,-12,0,-3,-4,1105,840,-1502,-1179,-1499,120
214,-102,-412,27,-399,-551,-3,21,0,0,7,6,1517,-2057,355,-418,-2098,-166
-759,1137,339,155,-239,-71,-13,4,-8,-3,10,-4,-2532,3763,-813,-1003,-518,-343
-124,967,-281,-675,102,447,-4,1,11,11,0,0,-968,1182,-2208,-2507,-446,-1363
-583,-166,3,381,128,-326,-3,7,8,3,6,-19,-2186,-647,-812,1320,160,505
215,534,-579,-311,624,-178,-3,-12,0,3,-6,-2,-31,292,-3740,-1249,742,-96
439,-127,-797,371,178,-135,-6,3,-4,-7,-13,13,1004,-1386,-2363,2180,-56,1151
591,470,-538,-126,965,-714,-5,-15,-2,11,-8,-8,1055,69,-4162,-1618,-44,-1422
-190,805,-702,604,211,266,-9,9,14,13,9,0,-681,687,-1382,403,-1122,199
385,-554,-13,-531,-28,294,12,3,3,17,6,5,1507,-456,990,-1087,1137,456
6,-30,-598,-179,-121,170,2,-10,16,13,-1,2,-753,-395,-1338,-1441,245,-1010
660,346,-1217,-578,229,372,5,-9,-8,9,5,-6,1315,-2387,-2467,-1984,873,-35
463,482,353,39,1236,-789,0,-15,-14,16,-3,0,1616,1372,-719,1727,2670,-1445
426,-421,-586,486,-72,538,6,10,-1,-5,-10,4,1689,-834,-839,1233,-588,1008
806,-18,-280,-853,-361,774,11,11,9,8,-13,-1,1905,-175,642,-2012,36,738
620,-414,-636,379,119,61,1,14,-1,-4,-9,15,2011,-2012,-1543,1646,-1711,7
-1659,-8,111,-180,-50,-1039,-19,-6,9,2,0,-13,-4163,-424,1614,410,-858,179
183,-1327,417,-201,-292,94,9,-4,-8,-5,4,20,1099,-1356,3194,-349,642,-62
-1106,-1071,61,-259,-142,-246,0,-13,0,1,22,1,-2120,-1576,2401,715,-79,-11
1008,-323,-487,-674,-475,301,6,-15,-4,4,-3,8,2501,-1424,95,-1881,-305,585
-485,-554,-543,504,363,176,5,-11,14,1,-5,-8,-1941,-2433,-1013,2428,23,-618
309,-601,-512,-88,-76,-27,3,-2,0,0,5,12,907,-2384,43,-277,322,150
-165,-53,-596,51,-324,-395,2,13,1,0,13,3,-420,-2677,-71,-220,-1342,555
144,963,448,460,497,-608,10,4,0,1,2,-20,570,3043,-1401,1856,673,-605
-148,-742,-273,-368,-185,100,16,-8,7,-4,0,-3,581,-1932,2246,-377,-271,-450
138,-491,161,-145,-158,103,15,1,0,0,3,4,1691,-691,1522,-796,-335,72
-12,-1156,-191,-455,377,65,-2,-12,-5,4,10,9,738,-2099,1524,586,1784,-739
823,-287,-772,-201,-184,125,0,-4,-6,2,-2,7,2316,-1075,-1132,-417,-379,475
774,538,-989,102,-533,5,0,-3,-14,-3,-4,-5,2395,-2390,-2777,-986,-2329,-905
397,472,-1220,582,-154,121,0,9,13,5,-9,8,-10,-544,-2733,270,-2615,-585
938,-212,-601,720,93,-373,-8,11,-3,7,-3,7,2306,-966,-706,1534,-1154,281
90,-497,226,505,568,-253,7,5,11,0,-10,-11,1142,105,164,2369,1122,-277
367,-225,-238,643,402,-163,-14,0,8,9,-16,0,878,744,-940,1529,-167,451
-334,224,368,-252,-285,819,9,-8,-9,-13,-5,-7,-320,1026,1410,-1142,-94,1441
216,-540,-485,148,-203,-275,-5,-5,-10,-2,3,18,1104,-1189,387,422,485,195
612,552,-1017,-187,-101,288,0,-13,-19,4,5,0,1078,-2403,-2245,-2229,364,819
157,-68,54,363,-528,-48,13,-5,-10,-5,5,-3,2218,-877,1226,317,-1386,-408
-533,174,670,173,-473,800,8,2,0,-12,0,-6,-1092,2378,2703,-626,-1547,165
748,-362,-706,474,-173,-207,0,12,-7,1,-3,9,2254,-1208,-711,1100,-1510,73
1353,187,-423,1096,1037,-138,-12,0,-1,8,-16,10,1281,-634,-2172,3021,1080,2479
643,456,-457,-247,202,-331,-4,-10,1,21,3,-3,1786,266,-3081,-423,541,-244
1176,362,-650,-315,-670,-41,3,0,-16,0,-8,-11,3928,-1133,-2975,-2483,-1391,238
-782,718,-60,201,-218,59,-8,-1,-5,-2,-6,-20,-2919,1400,-632,883,-708,22
19,352,57,698,328,107,-10,3,2,-2,-14,-12,-1341,1960,-1659,1180,-164,111
136,-1241,548,-656,-115,98,10,0,7,-2,-1,21,985,-1058,2713,-473,172,-293
-560,1069,430,-374,509,-207,-1,4,-11,-5,15,-1,-2998,3138,-719,-1269,906,556
509,509,-967,-532,402,-176,3,19,0,9,0,-14,570,-2138,-3452,-1464,1467,-815
747,-56,-911,355,79,72,-2,7,-9,-12,-11,8,1972,-2178,-1823,524,-2300,506
595,1340,-941,513,396,535,4,-5,-5,-4,-14,-13,-554,-1020,-4456,-540,-55,-25
-401,371,-397,-462,-186,-5,6,3,8,-2,-1,3,-623,-215,-944,-1521,437,-735
584,861,-877,-244,12,-300,-6,-12,-12,3,-5,-5,779,-398,-3785,-1671,358,971
734,568,-1125,739,392,124,-10,6,6,13,-6,8,1428,-690,-2841,1414,-1027,886
292,-691,-44,-335,-212,6,17,-2,10,-2,-5,10,1587,-791,1488,-210,-196,134
-744,211,-548,-109,-341,-676,-9,1,18,-10,-12,-3,-2293,-1852,-370,-718,1515,220
-393,300,-424,146,-492,-857,1,-24,2,0,10,10,-496,-346,-737,457,-2020,-656
359,-297,-774,93,-196,-82,-5,1,-11,-4,1,5,1620,-1709,-1285,-256,-1783,-944
788,120,-607,-338,-326,-551,0,-1,-21,-1,7,3,2706,-1700,-2350,-1207,-1045,-648
730,-1155,69,280,-343,-181,7,-6,-1,0,-14,18,2913,-1031,1591,287,-936,-353
505,-173,-815,282,-181,-327,-2,6,-4,-8,-2,13,1115,-1761,-1923,724,-2004,-877
-693,-438,-107,354,448,-68,-13,-17,6,-4,-2,1,-2550,-1635,169,965,881,-1303
165,-451,-576,239,-335,-98,-5,8,-9,-5,7,15,1139,-1561,-685,623,-2144,-1304
-152,-469,125,-256,-58,65,-20,32,9,-74,5,-7,620,-530,1292,-738,444,-72
64,-929,330,-693,634,-53,0,-10,4,11,7,12,1616,-1227,1484,-723,2558,-1160
19,-153,4,-234,-132,273,-2,26,-12,0,4,8,936,-164,503,-646,440,719
1031,536,657,1338,-338,-636,-16,8,-10,13,-10,3,1008,3532,338,2942,-1456,7
-1664,-386,316,-196,-219,-501,-12,0,16,1,11,-13,-4469,-1805,914,-247,481,-455
583,-133,-1167,26,-236,327,0,0,-3,-6,-7,1,1664,-942,-2587,-735,-1383,291
-1869,167,434,-408,186,-523,-10,4,20,-9,13,0,-4949,-97,838,-414,208,1053
606,450,-598,-266,-227,384,-4,-19,0,12,-6,6,1448,1046,-2594,-1823,-508,378
28,1078,-267,3,341,-274,-6,-4,0,8,1,-7,-278,1110,-2512,-1191,353,-642
-101,265,-660,300,-316,222,1,10,10,-10,-8,10,-824,718,-1387,-370,-737,903
592,-254,120,155,-393,-90,9,-4,-10,2,8,4,2897,40,559,227,-1151,-508
399,248,-757,-114,-554,-419,-2,-1,-21,-11,-1,-1,1358,-3112,-1031,-1186,-1825,214
-95,-193,-83,34,324,-380,7,2,10,7,0,-11,1097,-367,663,1116,577,-673
-179,1608,196,395,-295,-153,-11,7,-4,6,11,-10,-1434,3824,-2176,-688,-1220,-1430
289,-1484,173,162,-57,-559,9,-3,1,-9,-10,13,1166,-1516,2427,1610,-450,-1285
715,-68,-92,-738,-457,113,13,39,22,51,-2,-36,1908,-321,887,-1934,-111,611
-154,1280,42,310,-316,435,-13,12,-2,2,13,1,-1834,2759,-1928,-1462,-1704,-1349
-919,114,276,51,-464,56,-3,-13,-3,-19,-7,-6,-3159,1004,251,-509,187,505
-10,-719,66,-356,144,173,7,-14,-3,10,10,6,689,-1236,1398,-834,1179,-919
709,296,-644,488,-286,-520,1,7,-20,-11,2,0,1658,-2241,-1564,-77,-1747,369
701,448,-225,-419,-658,328,7,-13,-1,16,-5,-3,1628,943,-353,-2011,-135,209
-223,45,548,657,-419,-262,0,18,3,-6,-5,-9,-1216,2406,1159,2116,-1356,-612
914,-549,-424,-214,-308,142,-7,0,12,24,-59,0,3165,-813,232,-1443,-1252,931
-25,571,-146,-251,-223,259,36,0,0,-24,-2,5,227,1391,-1556,-1316,-4,-410
524,867,-31,-815,-724,-278,5,-5,4,18,-3,1,2399,874,-797,-2102,-342,-379
466,-95,-404,340,527,-7,1,23,86,200,-2,-100,1351,-363,-1161,1885,1136,844
-968,-421,-33,560,391,949,-8,0,0,-8,10,-18,-3018,-1574,-107,863,997,614
121,147,590,14,-855,1033,15,9,4,-9,-4,-6,809,1742,2298,-834,-986,1644
-1543,-477,220,-275,-119,-1028,-14,-13,5,-1,-1,-14,-4023,-828,2282,632,-567,532
421,-1488,802,630,187,-329,10,1,-8,-9,-15,9,2682,-806,2359,1548,-937,-1577
92,-45,-156,-345,971,-288,-4,-5,11,0,0,22,203,-1370,-67,-344,2750,-782
787,1102,-582,-431,283,422,-7,-8,-12,12,4,-9,1106,1027,-3827,-2527,-226,-91
-728,-162,-66,0,73,128,-16,-8,-1,-5,-8,-7,-2091,-1781,-426,-687,1579,-31
-63,1751,1002,452,-608,-203,-6,13,-2,0,5,-13,-1390,5623,80,1007,-1352,-734
191,-577,-315,-216,439,-72,-2,-2,-7,2,13,11,1185,-1603,-332,686,1874,-619
-80,843,-325,-138,372,-117,-8,-1,3,12,-6,-10,-530,430,-2587,-591,976,48
88,1050,-373,651,-142,453,-11,14,9,5,2,6,-754,1820,-2061,512,-1689,-1153
512,72,-963,677,444,229,0,5,2,8,-16,-13,2345,-1718,-2646,992,-1914,209
884,-754,-461,381,-484,-115,-2,7,-5,3,2,20,2332,-1139,-95,1193,-1518,142
-432,-875,-70,-271,-447,-359,12,-9,3,-1,6,-14,-297,-1536,2540,-711,-897,-44
453,763,-1072,133,-69,-233,-10,-5,-14,-7,-8,-3,2197,-2424,-3700,-1037,-1454,-652
-964,-1003,52,452,335,110,1,-17,5,-1,0,-12,-2210,-1792,456,1327,57,-827
1879,145,-825,-704,57,438,3,-13,-8,7,-13,5,2659,-2339,-1112,-2487,-170,710
197,-211,-812,-248,544,-314,-16,-3,-9,0,8,9,-13,-2832,-1131,-644,831,-537
-313,999,394,-684,228,119,0,-1,-1,-1,6,-11,-2587,3551,-723,-2412,216,-313
1306,-641,-122,23,-224,310,7,4,-14,0,-2,3,4594,-396,222,-340,-1190,493
97,-910,197,682,-199,4,12,-6,-10,-9,-3,5,2032,-438,936,1453,-963,-1984
986,-58,-561,304,-403,-149,1,13,-18,-7,-7,1,2629,-388,-960,701,-871,1196
628,-947,-27,381,-315,94,4,-5,-3,-5,-22,4,2780,-1594,-493,637,-1838,743
-252,498,-362,-187,50,170,-15,-13,0,11,3,-6,-939,83,-1504,-1262,583,-833
170,280,-417,174,-381,-16,-1,3,7,-2,-6,15,838,267,-735,42,-685,255
512,248,-1331,3,-330,249,-4,7,-15,8,12,0,1536,-2086,-2195,-459,-1359,411
-466,-249,-320,147,-9,-388,0,-27,2,1,4,1,-11,-1452,126,914,-2226,-688
1236,586,-360,641,-111,1,-8,10,-10,0,-12,4,3354,-819,-2349,1028,-1258,48
-732,630,704,-708,418,-33,0,-2,-10,0,12,-5,-3163,2296,-628,-1510,835,123
-1401,-737,211,-75,-281,-606,-20,0,5,-9,0,-11,-2485,-1190,2410,632,-548,0
-955,646,-2,458,557,287,-3,-3,4,-13,-9,-17,-3228,242,-1616,1610,14,1128
289,-1045,924,418,-71,-20,18,4,-7,-10,-9,11,3327,-289,2300,950,-822,-1942
-161,6,-474,828,694,704,0,-9,14,-2,-13,-6,-139,-2155,-795,1681,-157,995
102,1161,710,664,-483,0,5,1,-1,3,25,2,-815,4908,-644,1389,-1018,-357
249,52,-212,106,-124,174,9,3,-6,-6,11,4,1603,-446,-175,263,-603,146
510,-160,314,-184,-444,116,43,116,37,80,-27,15,2397,295,1524,-1207,-682,-51
538,651,94,16,-486,176,-5,16,-13,-1,6,-2,471,1831,-1727,-643,-804,-687
531,813,-764,311,511,-223,-3,-6,-4,3,-8,-10,216,101,-4261,-225,581,265
-380,-520,-176,-310,-75,-58,18,-4,9,0,8,-3,-325,-1259,2001,153,190,-385
733,698,-37,-653,-616,77,11,-2,11,16,-3,-1,1409,1653,-1343,-1934,337,-593
69,647,529,-113,261,1048,9,-1,-15,-14,-7,-6,-126,1408,449,-1493,-124,649
111,-202,167,-485,435,103,-14,2,-18,16,1,-1,1094,-450,383,-1106,1808,-687
713,-485,-486,163,-316,-17,0,2,-14,-20,-12,4,2556,-1675,-171,-45,-2362,890
-1539,-1116,317,187,552,539,-14,-9,0,-13,6,-9,-3766,-1316,542,818,1542,871
675,831,-748,-192,-648,-78,0,-13,-12,-2,-13,-4,656,-346,-3731,-1568,-706,756
-45,-281,783,-714,478,1022,-12,2,0,20,2,0,432,680,2203,-1994,934,127
1126,385,-935,-344,-219,260,2,-9,-27,6,2,-4,2687,-302,-2798,-2060,-219,294
1382,-669,539,-320,-632,129,17,-2,-15,10,0,7,4506,442,2760,-1281,-765,24
-651,900,445,221,-385,381,2,3,-10,-15,4,-7,-1628,3958,739,-1056,-1880,-790
-462,315,468,234,-220,73,-4,12,-2,-9,2,-2,-1789,2480,122,559,-250,526
1243,-375,-300,-408,-529,-420,12,-3,-15,3,-13,-4,3278,-154,1814,-1762,7,1262
-2094,-362,681,-41,-35,470,-14,-8,10,-17,16,-5,-5793,-313,476,414,421,2199
886,162,-905,-573,-475,553,8,-12,-3,9,-12,-9,1904,-996,-1415,-2003,-541,-272
941,302,-764,-1114,-227,143,-1,-9,5,11,-16,2,2106,-1811,-462,-3045,189,593
1028,-1140,623,287,-372,-151,10,4,-6,0,-8,15,4027,466,2710,278,-111,-567
-369,1033,-31,317,404,71,-4,-1,18,10,-12,-3,-1439,-224,-2838,675,457,15
-101,-873,-205,-646,-360,-170,15,-18,2,0,-2,-6,815,-2133,2574,-882,-624,-497
-391,1468,173,276,45,34,-19,10,-5,0,4,0,-1965,2615,-2181,-1191,-1280,-1738
69,-973,485,385,-86,-48,12,0,-4,-14,-5,5,2458,88,1514,1250,-167,-1489
970,294,-582,707,725,-335,-15,8,0,6,-6,13,2455,-172,-2514,1929,-212,-11
1275,467,-725,227,-812,-57,-6,5,-17,0,-9,-6,4434,-2112,-2496,-1651,-1683,874
196,913,-162,-166,482,51,15,0,-22,-6,1,-3,402,1345,-2362,-1216,933,-662
1151,34,-44,-1137,620,411,0,9,0,18,-8,-6,2888,-345,-440,-2098,2647,438
667,-76,-946,-172,227,-331,-8,-7,-17,-1,-1,5,1222,-2572,-2126,-737,-80,-881
1171,-140,-439,-828,104,61,3,12,7,19,-1,5,2504,-1588,-99,-2244,1600,835
930,580,84,391,488,-631,-4,10,-6,16,6,-10,2587,1028,-851,1516,878,-165
-195,1385,-100,-23,-187,493,-12,5,3,6,5,0,-601,1886,-1901,-1371,-954,-719
784,741,-859,24,-16,187,-4,-3,-19,5,0,-5,2217,-944,-3943,-1536,-665,243
1371,-203,-569,352,1,-82,-8,13,-15,4,-4,9,3802,-553,-704,2006,-1499,132
720,-119,344,-964,-174,318,10,8,4,17,4,-4,1872,91,489,-1704,1195,484
202,-1486,644,-88,-249,267,11,0,-4,-10,1,16,1913,-188,3120,2,213,-914
316,130,102,-398,31,473,17,-4,7,9,-5,-8,1228,783,-855,-639,926,-560
57,-355,346,-588,223,148,-2,1,4,19,8,4,1309,-641,1132,-1185,1089,-248
62,423,-266,357,211,-168,-3,-15,0,-9,-11,4,-61,308,-1305,337,-552,-8
257,-533,-360,203,1,213,10,14,0,-9,-4,9,1672,-888,-235,1396,-1083,-908
435,280,2,-20,-336,171,3,2,25,4,0,7,1407,1005,-879,-762,-37,-27
1013,-394,193,-388,-642,-366,9,-6,-18,9,-4,-2,3448,186,1824,-882,-883,-479
699,508,-267,51,259,387,-6,-11,5,16,-5,9,357,-420,-3828,70,951,992
-389,-602,-115,-22,988,315,-15,-4,12,2,5,12,-1696,-2374,655,560,2310,-1320
1380,-641,32,-750,-153,195,15,3,-15,5,1,-4,4806,-244,1944,-1792,828,350
705,-126,-473,669,287,-116,-4,9,2,-1,-17,8,1622,-519,-1252,1876,279,1735
1329,520,185,578,1,90,5,0,-17,19,4,2,2895,1967,-852,221,661,129
772,725,990,183,-673,650,14,12,0,5,-3,-10,1436,4499,1433,-552,-981,1329
294,-517,422,-361,-159,104,16,-4,-1,10,6,8,1688,-188,1835,-1051,231,376
44,-201,-38,-404,390,213,6,-7,4,15,11,0,133,-989,145,-671,1763,-322
-1929,717,744,-153,-157,-462,-3,4,13,-10,20,0,-5369,1294,1272,-494,-361,1720
549,-126,0,232,56,201,2,-13,18,-45,85,-48,1715,210,-317,662,-105,642
391,-449,-91,121,-5,-163,-1,-1,-13,32,8,-12,1460,-333,301,1126,-558,-158
1436,-401,-151,794,130,-244,-69,50,17,8,-1,-14,3176,45,-1361,2500,-453,1601
1340,119,-675,317,935,-126,-3,0,-4,4,-24,8,1325,-476,-1877,3000,1918,1852
134,358,-350,225,818,308,-17,0,-4,-9,-12,3,-583,-279,-2380,731,1999,-534
1229,-352,-552,173,-296,6,0,3,-19,0,-6,8,4087,-1029,-108,653,-2062,1234
-74,-762,437,-538,765,-303,-3,-6,-2,15,13,10,1515,-1009,1197,-195,3241,-1181
-138,867,985,-566,944,-536,7,2,-9,0,14,-15,-3599,4015,-1111,-464,2077,-971
1091,360,-958,48,-488,401,-7,0,-16,8,-9,-10,2577,-1564,-3463,-2197,-127,1071
-64,305,969,434,-300,-174,4,19,1,-7,4,-11,-944,2294,2108,2366,-1353,-1546
1659,64,-560,-397,-547,-85,1,2,-12,5,-8,28,3946,-1006,-949,-2449,-611,944
1305,685,-772,95,-159,230,-8,0,-15,3,-15,-2,3302,-1372,-3718,-1743,-1354,497
2355,-95,-223,-96,-539,507,6,16,-13,4,-11,2,5120,1018,-1353,-1684,182,2220
1065,133,96,-703,609,390,1,7,0,22,-1,-1,2406,-800,41,-1732,2742,0
-1552,445,460,203,-288,894,-8,-14,1,-14,12,2,-4927,618,-17,-392,491,259
1230,23,-537,865,-217,-12,-10,20,-8,6,-6,0,2682,-1387,-1919,2069,-1204,627
-448,1226,280,-230,-226,186,-12,1,-2,10,12,1,-1171,2517,-1362,-1949,-570,13
395,1355,1015,-1228,592,598,-11,-1,-3,6,-6,1,-702,4014,-743,-3216,1460,-786
1083,-993,530,-71,-486,303,17,-2,-10,1,1,13,3532,191,2404,-1264,-971,7
1356,-60,-115,-333,-498,94,2,20,-18,5,0,0,3123,454,-786,-1613,-826,68
615,-722,219,-1127,-502,189,17,6,3,6,12,-2,2342,-1331,2010,-2031,204,-565
-112,-256,-675,-821,-175,-305,7,10,12,2,8,8,-1246,-2840,399,-1488,-175,-552
706,-69,257,497,636,-533,25,29,-21,50,-17,-4,1946,1318,-927,2898,1655,-753
1162,-501,288,733,923,-453,-4,-2,-12,10,-1,19,2982,1876,-899,3456,2351,-596
1378,-199,-371,89,-400,237,4,5,-23,0,-8,-2,4503,-1008,-646,-799,-1550,1830
-175,-605,-307,-516,-330,7,9,-19,7,3,-2,1,724,-2740,1576,-1055,-6,-1074
1865,102,149,701,979,-604,-8,-2,-11,9,-11,12,2665,1102,-1714,4117,2599,1320
498,-1379,736,-533,20,0,12,7,3,-2,0,17,2249,-965,3311,-657,849,183
1908,-449,46,144,-543,168,7,13,-14,11,-10,11,4653,-41,-574,513,-475,3045
1643,147,-582,-592,433,168,1,17,-1,14,-5,2,2241,-1595,-1267,-1617,2451,1366
1354,-330,57,31,-419,208,6,-5,-26,0,-4,3,3727,-469,1275,-2042,-1755,630
1430,-528,533,396,145,197,11,5,3,8,-13,11,3981,441,1137,1512,-183,535
1689,-779,647,278,-271,-19,8,0,-5,4,-14,4,5481,645,2438,468,273,216
371,714,-49,447,629,-187,-5,15,2,13,6,-3,1202,1631,-2070,1138,1775,-1025
810,515,-58,-1100,-192,419,2,-1,6,17,-12,-5,2572,308,-511,-3324,-102,-74
-191,1208,1101,-1073,801,-138,2,10,-8,1,14,-10,-3496,3996,-581,-1758,2383,-624
73,-378,309,229,-290,214,17,1,-7,-6,-4,-1,1819,138,1221,361,-169,-40
2011,-155,-548,510,-150,-45,0,8,-17,5,-17,5,4803,-55,-1455,1753,-469,2739
331,1133,737,-869,759,-800,0,5,-18,1,8,-12,-3527,4828,-1518,-815,1638,-963
866,-563,359,-121,-587,12,3,11,-34,7,4,-4,3352,679,2338,-1137,-617,-108
-1810,-949,786,64,379,392,-9,-16,9,-13,4,-9,-4522,-1475,1095,475,752,599
905,-104,119,230,858,-311,-5,0,4,10,-7,21,2450,357,7,2034,171,-745
773,-549,267,-832,-54,191,19,2,-7,11,7,-2,3012,-121,2017,-2083,706,44
-731,-1105,272,625,990,-4,-3,-21,8,-3,-7,-6,-829,-2165,287,2053,-883,-1423
385,1503,653,-969,1223,-453,8,4,-10,2,18,-6,-3420,4666,-470,-2067,2307,-163
707,705,773,-1181,545,924,-17,0,-4,12,-1,1,883,3381,876,-3514,1484,-881
1685,-185,219,-184,-416,200,14,8,-8,4,-13,-2,5075,1575,1369,-829,622,1049
-344,646,951,402,-409,-266,0,7,0,-6,-4,-14,-2015,4343,849,1543,-1675,-1787
-48,967,505,-452,220,0,-1,2,-3,0,6,-1,-925,2611,-1552,-2282,269,-204
1138,-931,454,-275,-168,-90,18,-2,-1,6,-2,18,3972,100,1979,920,-803,-36
1125,-929,657,-228,-144,452,20,2,-14,1,8,4,3913,-72,3089,-764,125,29
1460,341,-285,-298,-543,362,6,15,-14,10,-2,-3,2995,551,-1742,-2564,-263,1208
30,-241,-111,965,525,654,-13,-9,-1,4,-17,-1,73,-1361,-1642,3116,131,-277
409,-800,157,-654,-243,364,16,-6,0,-2,10,12,1968,-1710,1586,-1502,682,-369
1540,217,-266,333,-477,182,2,11,-6,5,-19,-3,4508,736,-421,1134,-100,2345
1219,-216,157,-461,530,-7,3,1,-7,19,-3,-12,2661,-219,9,474,2944,-465
1741,506,1177,-1184,1239,9,-7,-7,-8,13,1,4,4099,3772,617,-1432,4271,-2501
-138,756,1073,361,-301,-768,1,12,-3,0,-9,-16,-2197,4423,1134,1548,-2048,-1776
38,496,1250,482,-658,-163,7,14,-3,-7,-1,-16,-990,3229,602,1999,-2315,-1330
282,357,836,158,-1012,1146,13,13,4,-4,4,-2,-23,2173,2890,-1271,-1310,1167
1035,-888,680,452,-209,55,5,3,-13,-4,-6,18,3620,902,1584,1172,-515,-960
1690,-35,-304,311,64,251,0,8,-19,10,0,2,5046,1053,-1583,-738,-217,1090
-1396,511,288,379,147,658,0,-4,2,-28,-1,-5,-4174,-207,255,355,-379,928
1945,184,-286,-305,150,269,1,14,-2,11,-14,5,3984,-173,-680,-312,2289,2199
391,535,36,-352,528,-132,0,-2,4,19,1,-10,1325,1001,-1560,-145,1832,-476
535,-761,549,-35,-109,419,17,5,-11,-6,1,8,2601,139,2332,-293,-223,-256
-1783,946,745,-298,-564,-187,3,3,1,-11,21,0,-3701,3588,-521,-1485,-2472,-826
-682,156,257,713,656,697,-24,3,6,0,-7,1,-1976,-1752,-1374,2363,795,-1098
612,-43,-109,-308,-531,-622,-1,25,4,3,0,1,1876,-725,-880,-904,-2373,494
1522,63,102,-186,1241,-270,-6,-7,-3,4,-8,19,3463,1482,-410,2599,1734,-922
293,366,155,142,348,-467,0,5,2,12,4,-11,2110,1571,-442,1094,651,-1071
1576,329,-651,-122,-360,249,0,3,-15,-2,-17,-2,4982,-1697,-2097,-699,-822,1627
-390,1273,650,577,320,-612,4,2,1,4,-4,-21,-800,4583,-1096,1927,141,-746
1476,-320,-52,151,833,-563,-12,0,-7,16,-4,14,2972,1636,-969,3821,1609,-747
-244,157,946,269,-706,371,11,10,-9,-10,0,-9,-1743,2486,2356,308,-1249,-1620
1060,130,1010,653,-645,187,12,15,-3,8,4,3,3881,2659,3429,-909,-526,1470
-1744,-647,266,-18,288,62,-13,-11,7,-3,21,-4,-5029,-1070,1016,253,696,782
824,128,258,244,-474,632,21,12,0,0,-4,0,2247,1076,241,-409,-919,887
-1300,-1206,281,378,651,465,-10,-10,-5,-8,4,-16,-2641,-1827,1312,490,1598,-65
1090,-931,365,-190,-476,115,0,16,17,-6,2,-12,4354,61,2456,-554,43,119
1858,-245,806,565,-124,-301,9,0,-3,22,-12,6,4548,1167,1253,1050,450,1446
273,1985,528,-246,385,-482,-3,3,-11,3,3,-16,-1914,4224,-2049,-1270,222,-1256
-1366,-800,251,109,270,61,1,-18,8,-14,7,-8,-3055,-1740,1244,712,187,-72
1657,171,-351,389,74,18,0,3,-21,13,-8,1,4415,1377,-850,1543,1192,1521
113,-795,-176,887,247,210,-10,2,2,-5,6,18,686,-1343,-6,1700,-1315,-2109
554,-304,367,346,-65,-364,0,-17,-2,10,12,-12,2325,917,478,1370,-525,-1024
-1928,253,640,253,-250,-664,0,-4,24,-7,-3,-6,-5121,87,1238,354,-463,97
854,1413,50,42,193,157,2,4,-3,12,13,-1,503,2618,-2300,-1099,283,-1783
2214,304,50,-63,-239,-285,-12,-3,30,-13,0,0,5996,405,-381,-1615,-352,1456
-1660,-57,598,279,205,766,-6,-5,8,-20,5,0,-4416,430,124,281,248,2002
-106,1167,898,99,-381,303,-3,11,-8,-11,5,-13,-1020,4172,783,670,-912,288
-2097,-90,748,55,0,-98,-2,3,12,-18,12,-8,-4877,869,1255,-202,122,1889
629,1261,143,-387,-82,206,4,2,2,9,-4,0,1735,2450,-1409,-1347,539,-1187
559,535,322,472,384,-18,-4,12,8,12,0,-10,1343,2087,-1087,1142,500,515
1087,121,169,-1297,915,47,-4,8,-6,10,-5,-5,2226,-716,-286,-2188,3343,-485
1207,-708,575,-1096,373,-127,16,-1,-9,11,-1,-9,3371,136,1708,-1316,3037,-521
1087,-544,418,735,494,-448,-3,-1,-20,14,0,12,3384,1148,-176,2646,-280,-975
1527,-309,421,102,-282,497,11,2,-23,0,0,10,3861,1024,647,-1191,-1040,1964
1520,-789,684,-327,-545,273,17,7,-7,8,-1,10,4905,411,2588,-838,-274,378
775,-233,1712,493,-418,482,12,15,-8,1,9,-1,1712,2162,4817,-107,-542,920
1347,67,-113,851,347,-243,-6,11,5,7,-18,2,2482,-94,-1975,2842,987,871
274,503,150,745,559,550,-12,-12,-4,0,-14,4,201,1444,-2875,1959,869,107
1756,-429,406,70,-226,193,7,-2,-18,7,-6,12,5049,147,1991,-1332,-1491,538
426,-349,-226,-817,-14,-232,14,-4,11,0,9,11,290,-1857,665,-1709,2176,-563
1450,903,21,428,-114,-84,1,1,-8,10,-20,-5,2910,2077,-2169,1138,316,2154
790,686,889,-1012,854,490,-12,1,-10,7,1,1,2125,4604,470,-3210,2693,-481
1676,-352,369,739,-106,-216,5,1,0,13,-17,5,4295,886,981,990,442,1602
1749,168,181,165,737,-168,-1,12,2,10,-8,16,3315,1477,-862,2961,1447,422
-1669,144,356,-207,-176,-240,-14,9,9,-9,2,-14,-4332,-734,2340,636,-564,917
1140,-165,337,491,26,-474,3,0,-11,12,5,11,3228,1539,-61,2391,-86,-1189
2585,-276,288,-415,-290,121,14,10,-20,3,-13,2,6694,1434,338,-1648,-377,1195
922,-523,374,332,51,-378,7,-4,0,8,-7,18,2653,246,966,1537,-748,-424
2071,-224,900,93,-486,509,22,2,-14,4,-10,6,4361,1482,1600,-258,-257,1528
862,-516,256,-197,-460,-9,22,8,0,0,6,10,2949,-320,2132,-1759,-570,386
1556,-491,533,-152,-225,313,17,1,-19,0,-6,13,3149,-78,2400,-473,342,1632
1313,-408,-87,-14,148,0,0,-4,-16,0,-14,9,4301,-597,-68,215,-1331,1258
1295,116,364,167,572,-339,-94,-34,39,2,-3,-26,2921,2253,-462,1963,1652,-86
-1084,995,198,-189,-754,-643,-19,5,14,-1,4,-1,-4851,542,1257,-715,123,886
1655,79,250,54,946,-566,-3,4,-5,5,-11,17,3764,2546,-939,3003,2559,15
964,281,673,232,-134,292,15,4,0,17,-8,-7,3152,1722,1402,94,-964,-511
186,-493,898,325,-146,-918,17,2,1,-16,7,1,1550,1753,896,2546,-1057,-817
1241,-569,447,-571,136,379,18,4,5,11,-4,11,3434,-447,1367,-464,1709,2083
-1250,275,251,-473,-521,-474,-6,-9,15,4,3,-6,-5023,405,1867,-438,-1283,-1666
-1027,297,-273,-57,-603,-501,3,-9,16,-2,4,-17,-3023,-914,175,-120,-417,-349
-1433,679,316,-346,-580,-623,-13,-8,15,6,11,-7,-5019,109,1900,-488,-1082,-1725
1651,-750,523,214,-159,177,13,-10,-13,1,-7,15,4314,55,2152,1094,-1213,-191
1916,-368,169,148,-333,410,11,11,-10,13,-16,5,4683,380,-101,283,273,2565
577,-710,176,268,-231,422,24,-5,-2,-5,2,3,2570,-848,1370,803,-1008,-343
-871,-201,365,265,179,501,-10,-19,-5,-11,0,-2,-2736,551,1329,902,-516,204
1325,-281,391,566,682,-725,-1,0,-3,16,-9,14,2999,1432,-602,3413,1650,-1076
2150,89,-133,403,214,-72,-1,6,-9,12,-14,5,4724,1215,-1343,1663,837,2339
685,1617,1223,-416,386,-1000,8,0,-11,-1,3,-17,-275,4717,-2107,1761,1485,-1178
1069,833,1769,660,-762,1027,11,19,-4,0,0,-4,1663,4900,3264,-1006,-528,1231
334,397,678,-384,147,-515,6,0,0,12,10,-14,1641,465,-266,1279,1714,-1214
1292,16,568,136,-171,339,15,9,-2,13,-6,0,3489,1987,2038,-987,-329,144
2004,-189,729,-117,-208,-155,18,3,-12,17,-6,3,4926,2105,2862,-415,-264,-423
-53,-810,1117,115,-76,414,8,9,-12,-1,8,14,791,1177,3532,-249,-543,47
1264,-455,407,128,99,-411,7,-10,-2,16,-2,14,2985,814,45,1579,318,275
512,689,221,-151,205,-59,1,6,2,8,2,5,2525,1287,-444,-781,181,-1076
380,-99,1198,137,-415,482,7,11,-10,5,11,7,1712,1785,4001,-425,-986,1394
1519,180,292,2,-127,62,0,13,-3,-5,41,7,4519,2124,274,769,374,959
-1364,-259,540,-519,-381,-543,0,-3,16,13,7,-9,-1983,-1610,2570,874,-738,-1034
1655,-618,996,-32,37,-378,10,-2,-5,11,-8,7,4023,815,1970,1792,448,-615
1319,675,978,-592,182,513,8,2,-2,3,-7,-8,3006,3660,-404,-2044,388,-268
-1821,-663,706,237,160,528,-9,-9,10,-23,6,-12,-5858,-155,457,583,540,2367
954,-735,298,-133,-496,-18,12,7,-2,10,4,17,3058,-930,2772,-495,-281,755
1593,-142,445,334,-203,217,19,1,-7,7,-44,88,3096,460,111,910,98,1727
-1117,643,-383,-605,-256,-914,-18,-7,19,0,-1,-4,-4870,-1151,810,-202,-477,347
1974,-988,1313,-4,-103,19,12,1,-11,18,-6,14,5425,1056,2997,1349,63,-798
1418,-848,1668,514,76,-350,7,8,-5,20,-3,11,5263,1007,2296,2613,539,-2080
1510,102,1255,843,-573,81,5,18,-5,10,8,0,3887,2776,3745,677,-488,2894
1241,1179,1090,575,-164,-1087,-12,3,-4,15,-15,-4,1663,5206,-480,2050,-368,-1387
1968,6,677,443,-128,-284,7,0,-8,16,-11,0,5043,2351,1744,271,-95,92
-1125,163,61,-258,-504,-447,-16,10,11,-9,3,-3,-3797,-1207,959,-97,507,153
-957,-262,260,-736,-500,-1029,-14,-7,11,-8,-7,-8,-3656,-1157,2013,373,-854,169
-181,-253,-284,57,-354,-469,8,-10,-2,3,0,-18,-454,-978,2006,-442,-156,151
497,337,313,-523,-106,77,15,-7,2,14,3,-11,1768,1359,-214,-1774,-284,-340
-542,-1217,177,-712,-400,-312,12,-10,-5,2,16,-6,-708,-2281,2342,-471,655,-784
-6,1018,1317,753,-661,-438,-10,13,-2,-6,-3,-18,-2100,4357,314,1196,-989,-50
1345,-277,907,762,504,-904,-1,0,-4,21,0,13,3528,1789,-462,4051,1234,-1050
283,1017,203,627,684,2,0,0,11,0,-20,1,-161,132,-1677,2333,1260,361
1138,-624,1109,-374,638,-142,17,-6,-5,9,-5,-1,3513,1128,1653,1339,3834,-1186
1241,-1173,1158,-16,-349,-5,17,-4,-4,1,-9,9,4781,710,2998,-17,-301,-621
-1139,-100,138,-401,-563,-285,-2,-15,10,11,3,-9,-3612,-489,2856,102,-1265,-1743
-1038,1039,108,-305,-754,-485,-24,8,6,-3,6,-2,-5074,1269,551,-988,-272,-717
4,-279,-242,-1289,-370,-386,8,9,15,8,5,1,465,-1950,2255,-1675,-638,341
176,1442,448,191,-584,-533,-16,13,-9,0,3,-11,-2369,4813,-1943,-40,-1332,-1568
1436,11,849,-1259,985,-163,-2,0,-8,14,0,0,3925,1743,1030,-1611,4682,-1777
2075,-763,1167,509,-96,-22,17,0,-3,13,-17,5,5360,1146,2429,1345,257,40
773,778,767,105,-93,-74,6,7,-5,5,1,-7,1380,3482,-189,643,-370,-938
1786,184,206,628,423,-353,-3,-5,-10,18,-14,4,3720,1766,-855,2746,2447,2445
-157,391,-6,820,937,278,-16,7,9,-3,-14,0,-1666,-1289,-2161,2096,699,444
607,-20,360,-795,1283,696,0,-17,2,0,-19,-1,724,68,580,-1782,2826,-1326
-1319,104,355,-271,-626,-584,-5,-6,11,7,9,-13,-3473,-573,2797,137,-1175,-1556
2418,-244,1074,-283,-5,307,14,2,-16,5,-16,11,4654,357,3092,-860,159,2027
728,-561,416,601,-658,-350,4,0,1,11,3,21,3248,-1164,1640,608,-1148,-919
-1402,614,863,-403,-490,-934,-1,18,11,-11,3,1,-4906,2301,538,-624,-296,455
1455,713,1394,164,-60,-919,14,-2,0,3,-19,-5,3814,4498,1440,1981,-741,565
1587,2557,961,-940,430,-280,0,-7,-14,-1,4,-16,-305,4543,-3115,-1810,1474,-2557
956,383,444,-1075,1932,-76,-8,-4,-15,11,10,5,3079,1922,-638,-968,4982,-1401
1156,-604,1117,-157,259,147,22,1,4,6,-8,3,4680,685,1494,1181,1839,510
766,-693,1191,43,195,-181,21,-10,0,8,-4,6,2725,720,2993,288,961,-839
-1446,440,555,349,-388,1224,-5,-7,2,-12,18,3,-4475,1152,464,-449,371,588
-1607,-339,471,266,42,243,-2,5,7,-17,5,-21,-4567,36,349,390,423,1478
200,-567,950,125,-700,-788,6,0,10,11,-1,15,3365,-210,2250,-709,-544,-313
-320,914,623,320,536,-289,-2,13,-6,-12,13,0,-896,3109,-472,1378,782,634
